{"0.3": 4.861878387867577, "0.32": 4.682404744752778, "0.34": 4.520911719424384, "0.36": 4.374987445581565, "0.38": 4.2422400444351664, "0.4": 4.120845713144325, "0.42": 4.009312225911392, "0.44": 3.9064055285667885, "0.46": 3.811095256070767, "0.48": 3.7225136885217225, "0.5": 3.6399244285095618, "0.52": 3.5626977630718217, "0.54": 3.4902920665151482, "0.56": 3.4222381577920022, "0.58": 3.3581276545440333, "0.6": 3.2976031524783607, "0.62": 3.2403503053671447, "0.64": 3.1860916323891217, "0.66": 3.1345807150940317, "0.68": 3.0855982958690773, "0.7": 3.0389483510737323, "0.72": 2.994455098655216, "0.74": 2.9519603400734584, "0.76": 2.9113213046336317, "0.78": 2.872408760954365, "0.8": 2.8351054119490158, "0.82": 2.799304512302275, "0.84": 2.7649086922900707, "0.86": 2.7318289142504897, "0.88": 2.6999837789030865, "0.9": 2.667226305988781, "0.92": 2.637124569267305, "0.94": 2.607775198931363, "0.96": 2.578812745779541, "0.98": 2.546480481149152, "1.0": 2.5310242494007626, "1.02": 2.5060177530020042, "1.04": 2.4817842676668973, "1.06": 2.458283217686046, "1.08": 2.435476741239622, "1.1": 2.41332945573282, "1.12": 2.391808246767249, "1.14": 2.3708820779761557, "1.16": 2.3505218192294786, "1.18": 2.3307000893976206, "1.2": 2.311391123976003, "1.22": 2.2925706284318634, "1.24": 2.2742156798591897, "1.26": 2.2563046102547264, "1.28": 2.2388169104128517, "1.3": 2.2217331397134346, "1.32": 2.205034842974124, "1.34": 2.188704473494619, "1.36": 2.1727253216410523, "1.38": 2.1570814482349245, "1.4": 2.141757622149717, "1.42": 2.126739261529542, "1.44": 2.1120123780634747, "1.46": 2.097563523778441, "1.48": 2.083379739798474, "1.5": 2.069448506518137, "1.52": 2.0557576945978884, "1.54": 2.042295516138157, "1.56": 2.0290504753582335, "1.58": 2.016011317839137, "1.6": 2.003166977504128, "1.62": 1.9905065200135788, "1.64": 1.9780190811180531, "1.66": 1.9656937980292901, "1.68": 1.9535197312721921, "1.7": 1.9414857736126765, "1.72": 1.9295805413899458, "1.74": 1.9177922416848938, "1.76": 1.9061085059126244, "1.78": 1.89451617575707, "1.8": 1.883001020315411, "1.82": 1.871547350625191, "1.84": 1.8601374763395548, "1.86": 1.84875090895679, "1.88": 1.8373631364974543, "1.9": 1.8259436238365196, "1.92": 1.8144522860496706, "1.94": 1.8028325629394497, "1.96": 1.7909954222706201, "1.98": 1.7787701377474399, "2.0": 1.7655121244729166}